regardless,irregardless
appearance,optics
change,delta
investigation,deep dive
respond,circle back
finish,close the loop
findings,insights
useful,actionable
find,surface
agreement,alignment
important,impactful
discuss,dialogue
brainstorm,ideation
coworker,colleague
faster,performant
plan,action plan
easy,low-hanging fruit
data,big data
think,wrap our head's around this
use,leverage
benefit,ROI
complete,run this to the ground
meeting,mind meld
comparison,apples to apples comparison
goal-oriented,solution-oriented
improve,create efficiences
use,utilize
rhythm,cadence
new,game-changing
contact,gatekeeper
start,gain traction
problem,pain point
improvement,value-add
highlight,wow factor
awareness,visibility
charged,tasked
explain,socialize
employees,talent
